source,target,source (seq),target (seq)
0,65,GATGCCAACTCGTTCTTCTTCGGAG,CAACAAGATCAAATAAAAATAGCAT
1,94,AAGGCCTTAAACATACAATACACAG,AGGAGGACCATATTCGGATTTCTCT
1,95,AAGGCCTTAAACATACAATACACAG,CATAGAAATGCTATAGTTATATACC
2,31,ATTTAGCATATCTCGTAATTGTGAA,TGACAATGAACTAATAGAGTCCATT
3,17,TTGTGAAATAAAAAAAACTTATTTC,AACGACGGTGGCTAAGCGTGTAAAC
4,39,GCTAACTCCTGATTGTGTCAATCTT,ATTTTTAAAAGCAAGAGGAATCAGT
5,65,GATAAGCTTTATGTGTAAAATGTTT,CAACAAGATCAAATAAAAATAGCAT
6,96,ATTACAGTAACCCGAGTTTCACGCT,TTTATCTAGAACTTTTGTGAGTACC
6,97,ATTACAGTAACCCGAGTTTCACGCT,AATCGATCCACTTCAGTTCTAGGTT
6,98,ATTACAGTAACCCGAGTTTCACGCT,CTTAAAGGCTTGCTTTTTTGTGGAT
6,99,ATTACAGTAACCCGAGTTTCACGCT,GCAGCATTAAAAGTCATTAATGTAC
6,100,ATTACAGTAACCCGAGTTTCACGCT,GCACAGAAAACTTAATTTACCCTA
6,101,ATTACAGTAACCCGAGTTTCACGCT,ATGTCCTTTCTTTGAGAGTAATCAA
6,102,ATTACAGTAACCCGAGTTTCACGCT,ATACAGATTAAACTAATGAATTGGC
7,65,ACCAGATGGATAGTGGGGAAGTTTC,CAACAAGATCAAATAAAAATAGCAT
7,24,ACCAGATGGATAGTGGGGAAGTTTC,AGTAATATACTAATTCCCTATGTCC
8,93,TTTTGTTCGACATCTTAAGTGGCTA,GAAGTATCATAAAGGTATGTAATTG
9,65,TCATACCAGTTTGAGCTAATTTGAA,CAACAAGATCAAATAAAAATAGCAT
10,36,TCGCAGTATATACTTGTGAATAGGC,TAAACTATAGATAGATTAGAGAGCT
11,103,TAAAGACGGAAAATACAAGATAAA,ACCGTGGTTAATTTTTATGAGCTC
11,104,TAAAGACGGAAAATACAAGATAAA,TCCTTAGTAGTTATTCGGCGCTTAT
11,47,TAAAGACGGAAAATACAAGATAAA,GCTGTATTACATATTCGTGATTGAC
12,79,ATAATACTTGGTTTTCTCTTGAGTT,CTTTGAATTAGAAATGTAAATGGAG
13,78,CCCTTTCAGAAGAGAATAATTAGTG,AATACTTCGCTTGCTCAAACCAGTT
14,47,GAATCATAATGGAAAGCAGGGAATA,GCTGTATTACATATTCGTGATTGAC
14,21,GAATCATAATGGAAAGCAGGGAATA,TCAAGGGCTGAATAACTAGTATAAG
14,105,GAATCATAATGGAAAGCAGGGAATA,TATAGCCTGTCTGCGGTATCCTTTG
14,106,GAATCATAATGGAAAGCAGGGAATA,GCAGTGTCAGTTTTCTAGACATTAT
14,107,GAATCATAATGGAAAGCAGGGAATA,GCTGTGGGATTTATCTTCATTTTTA
14,108,GAATCATAATGGAAAGCAGGGAATA,CGGTTTGTTAACACACGAGTTTCTG
15,80,CTTCTTATGTCGTTTCTTTCCTTGT,AAACATACAAGCAAATTTTCAGTGT
16,81,AGACGAGCATTTATATTCCGTTTTA,TGTTCGAAGTTATTTAGTGTCAAATT
17,109,AACGACGGTGGCTAAGCGTGTAAAC,GCTGTTTGAAGTCTAAACTTCAATT
17,110,AACGACGGTGGCTAAGCGTGTAAAC,AGAGCCTGCATCTATTTTCGATTTT
17,51,AACGACGGTGGCTAAGCGTGTAAAC,TGTCAGTTGGGTGGAATAGTTTCTT
18,35,CACTTTTACTGCTTTAGTTTAAATA,AGGTGAATAATCCATAAGTATTAAA
19,87,TGGAACACTTTTCTGTTGTTCACTT,TACATGTGGAATGGAGTACACAAGT
19,88,TGGAACACTTTTCTGTTGTTCACTT,AATCCATGCACTTAGCATGACTTAA
20,25,AATTATCACTTTGATAATCTCGTGT,GAGCAAATAATATATACAATGATAC
21,83,TCAAGGGCTGAATAACTAGTATAAG,AGGAGTAACCGCGTTCCGCTACTAA
21,39,TCAAGGGCTGAATAACTAGTATAAG,ATTTTTAAAAGCAAGAGGAATCAGT
21,91,TCAAGGGCTGAATAACTAGTATAAG,CACTGCTGCTTAATAACGCACAGTA
22,27,TATAGGACTACTAAGTTACTCTGGC,AATATTCCCAATGAAGCCAATGTTA
22,65,TATAGGACTACTAAGTTACTCTGGC,CAACAAGATCAAATAAAAATAGCAT
23,85,ACGAGAATTATGTTAAACTTTCATG,ATATCTTTACTAGGACATAGATACG
24,111,AGTAATATACTAATTCCCTATGTCC,ATTTCCCGTATGTTTTGGACTCTCG
25,112,GAGCAAATAATATATACAATGATAC,GATAAACGTGTTTCCACACATGCTT
26,54,TGTCTTAGTCTTATTAAAGGTGTGT,TTTATGAGCAAAAGCAAATATGGTA
27,113,AATATTCCCAATGAAGCCAATGTTA,TGTTATACTTATACCATAACTGGTT
27,114,AATATTCCCAATGAAGCCAATGTTA,ACTTATCTTTACGTTTTGGCAATCG
27,94,AATATTCCCAATGAAGCCAATGTTA,AGGAGGACCATATTCGGATTTCTCT
27,115,AATATTCCCAATGAAGCCAATGTTA,GTAAACGCATGAGTGTAGGACTAAA
27,116,AATATTCCCAATGAAGCCAATGTTA,CACTGGATCGGTTGTGTTTCTCATT
28,65,GTTTATAGTTCTGGTTACTCTTACA,CAACAAGATCAAATAAAAATAGCAT
29,52,AGCAAAAAAAGTTAAACTTTGATTT,TGGACTAATTGATGAGGAACCAATC
29,37,AGCAAAAAAAGTTAAACTTTGATTT,AGGTTCTGTATTAATTTTTCCTAGA
29,117,AGCAAAAAAAGTTAAACTTTGATTT,GAATAACAACCTAATACGGGTGTCT
29,118,AGCAAAAAAAGTTAAACTTTGATTT,AATGACATTTTCTGTTATTTTTACT
29,119,AGCAAAAAAAGTTAAACTTTGATTT,CTAGAAGTCATGTTTGAGTCACTTT
29,120,AGCAAAAAAAGTTAAACTTTGATTT,CGTTATGAAATTCAGATATAATGCA
29,121,AGCAAAAAAAGTTAAACTTTGATTT,GGATGTGATTATGGATGAGGCACTA
29,122,AGCAAAAAAAGTTAAACTTTGATTT,TTATCCAAAAGTATCTTAAATTAAT
29,123,AGCAAAAAAAGTTAAACTTTGATTT,GTACGGGTATCTTTTCATGAGTTTT
29,77,AGCAAAAAAAGTTAAACTTTGATTT,AAAATAGGCTCGGAATCCTCTACAG
30,87,TCAGAGTTTGATGTGTAGTTGAAAC,TACATGTGGAATGGAGTACACAAGT
31,110,TGACAATGAACTAATAGAGTCCATT,AGAGCCTGCATCTATTTTCGATTTT
31,124,TGACAATGAACTAATAGAGTCCATT,AAGTGTTTAGTAATTTTTATCTGAT
31,47,TGACAATGAACTAATAGAGTCCATT,GCTGTATTACATATTCGTGATTGAC
31,125,TGACAATGAACTAATAGAGTCCATT,CTTCACAATATGTAATTTTAGGTGT
31,126,TGACAATGAACTAATAGAGTCCATT,ATCTGTTCAATTTGCTCGAAGCGGA
31,127,TGACAATGAACTAATAGAGTCCATT,TTTATACTAGTATTGGGTTAAAACG
31,128,TGACAATGAACTAATAGAGTCCATT,TGGAAAGAGATGATAGGGTTAGGCG
31,129,TGACAATGAACTAATAGAGTCCATT,TCGGGGAAGTGTTTTTCAAAATCGG
31,107,TGACAATGAACTAATAGAGTCCATT,GCTGTGGGATTTATCTTCATTTTTA
31,130,TGACAATGAACTAATAGAGTCCATT,GTATGAGCTGTACTGATCTCTACATA
31,106,TGACAATGAACTAATAGAGTCCATT,GCAGTGTCAGTTTTCTAGACATTAT
31,51,TGACAATGAACTAATAGAGTCCATT,TGTCAGTTGGGTGGAATAGTTTCTT
32,65,AAGGCTATATACTGTTTTTTTTTAG,CAACAAGATCAAATAAAAATAGCAT
33,76,TTGGGACCTTCGATAGAGTTTTTTT,GGGAAGTAATATCCTATCCTTATAA
34,68,GCCGTCGTCATAGTACTAAGGTTCA,TAAATAAAGCACCTCGGAAAAAAAC
35,131,AGGTGAATAATCCATAAGTATTAAA,GTTACGTAGTGTATCAATATAGGAG
36,38,TAAACTATAGATAGATTAGAGAGCT,TACAACTCGATGATTGGTTTATTCT
36,132,TAAACTATAGATAGATTAGAGAGCT,AATTCAATTTGTCTGTTATTTGACA
37,43,AGGTTCTGTATTAATTTTTCCTAGA,CGACTAGATGTAAATTAGAAAATTG
38,65,TACAACTCGATGATTGGTTTATTCT,CAACAAGATCAAATAAAAATAGCAT
39,89,ATTTTTAAAAGCAAGAGGAATCAGT,TGTAGATGTACACTATAAAATGTTA
39,133,ATTTTTAAAAGCAAGAGGAATCAGT,CTGTGTTTTTTTTCTTGTTCATCCA
39,60,ATTTTTAAAAGCAAGAGGAATCAGT,GGTGAGGGAACATGAATTAATGAAA
39,134,ATTTTTAAAAGCAAGAGGAATCAGT,GAGGTACATCATCCTTGGATGAGTA
39,61,ATTTTTAAAAGCAAGAGGAATCAGT,GTCTTGTTAGATATTAAGGGATTT
40,135,GCTGAAGCGACATCTATAGACTAAA,GATGGGCATGAGACTTGGGTGATCA
40,51,GCTGAAGCGACATCTATAGACTAAA,TGTCAGTTGGGTGGAATAGTTTCTT
40,136,GCTGAAGCGACATCTATAGACTAAA,GTGCACTCGTCTTGTTAGTATTAGA
40,137,GCTGAAGCGACATCTATAGACTAAA,AGTAGTGTCGTTTTTTAGGTGTTCG
40,128,GCTGAAGCGACATCTATAGACTAAA,TGGAAAGAGATGATAGGGTTAGGCG
41,76,AGGTATTCACTGACGTTTTTGATGG,GGGAAGTAATATCCTATCCTTATAA
41,68,AGGTATTCACTGACGTTTTTGATGG,TAAATAAAGCACCTCGGAAAAAAAC
42,54,TATAGTTACGTACAGATTTTGGACG,TTTATGAGCAAAAGCAAATATGGTA
43,119,CGACTAGATGTAAATTAGAAAATTG,CTAGAAGTCATGTTTGAGTCACTTT
43,120,CGACTAGATGTAAATTAGAAAATTG,CGTTATGAAATTCAGATATAATGCA
43,123,CGACTAGATGTAAATTAGAAAATTG,GTACGGGTATCTTTTCATGAGTTTT
43,138,CGACTAGATGTAAATTAGAAAATTG,TTAACAATGACTGTTCGACAACATT
43,52,CGACTAGATGTAAATTAGAAAATTG,TGGACTAATTGATGAGGAACCAATC
43,77,CGACTAGATGTAAATTAGAAAATTG,AAAATAGGCTCGGAATCCTCTACAG
44,85,GCAAGGAATTAGGTCGCTTTCTTTA,ATATCTTTACTAGGACATAGATACG
45,139,GTTCATAGCACCGGAGAGACATGCC,CATACAATTTCATGCGGTATTTTTG
45,140,GTTCATAGCACCGGAGAGACATGCC,GATTAACACCGAAATCCTGTAAATT
46,65,CATGTCTGCATTTTCGTTCTTTGCG,CAACAAGATCAAATAAAAATAGCAT
47,83,GCTGTATTACATATTCGTGATTGAC,AGGAGTAACCGCGTTCCGCTACTAA
48,91,GTTGAAGCGATAATAATATGTGATC,CACTGCTGCTTAATAACGCACAGTA
49,87,ATGTATCAGCTATCGGGAATAATCC,TACATGTGGAATGGAGTACACAAGT
49,88,ATGTATCAGCTATCGGGAATAATCC,AATCCATGCACTTAGCATGACTTAA
50,65,CTAAAGGATTTCTTGTTCGTCATCC,CAACAAGATCAAATAAAAATAGCAT
51,87,TGTCAGTTGGGTGGAATAGTTTCTT,TACATGTGGAATGGAGTACACAAGT
52,85,TGGACTAATTGATGAGGAACCAATC,ATATCTTTACTAGGACATAGATACG
53,76,TTTAGTGAGTAGTTCGTACAATTCA,GGGAAGTAATATCCTATCCTTATAA
54,139,TTTATGAGCAAAAGCAAATATGGTA,CATACAATTTCATGCGGTATTTTTG
54,131,TTTATGAGCAAAAGCAAATATGGTA,GTTACGTAGTGTATCAATATAGGAG
54,140,TTTATGAGCAAAAGCAAATATGGTA,GATTAACACCGAAATCCTGTAAATT
55,92,TAATTTTGAGTGGCATGATTATTTA,ATTATAGTATAACCTAAGTCTACAG
56,83,GACCCCAGATTTCAATACACAAGAT,AGGAGTAACCGCGTTCCGCTACTAA
57,85,AAGTTGTTTATATCTTGCTCATTTT,ATATCTTTACTAGGACATAGATACG
58,87,TCTTAGTATTGCTTAACTAAAGAGT,TACATGTGGAATGGAGTACACAAGT
59,80,GGACTCTTATATCATCATTCTACTA,AAACATACAAGCAAATTTTCAGTGT
60,91,GGTGAGGGAACATGAATTAATGAAA,CACTGCTGCTTAATAACGCACAGTA
61,65,GTCTTGTTAGATATTAAGGGATTT,CAACAAGATCAAATAAAAATAGCAT
62,81,CATTTATATTTTTGTGGTTTGATGA,TGTTCGAAGTTATTTAGTGTCAAATT
63,91,TTTTTAGGGTATTTTGAACGTAATC,CACTGCTGCTTAATAACGCACAGTA
64,83,TGTAGTGACACTTTGTATTGTTCTA,AGGAGTAACCGCGTTCCGCTACTAA
65,141,CAACAAGATCAAATAAAAATAGCAT,ATGTAATGTAATTCGATGGTTTCTT
65,142,CAACAAGATCAAATAAAAATAGCAT,GACTATTAGAACTTCCTGACGTGCT
65,116,CAACAAGATCAAATAAAAATAGCAT,CACTGGATCGGTTGTGTTTCTCATT
65,143,CAACAAGATCAAATAAAAATAGCAT,GGCAGGCCATCACTGGTAAACAAAT
65,144,CAACAAGATCAAATAAAAATAGCAT,ATTGGCTAGAACATTTGAGATGTGC
66,80,GATCATAGACTACACTTCCGCAATA,AAACATACAAGCAAATTTTCAGTGT
67,93,CGTCCTGTATTGTGATCTCATTAT,GAAGTATCATAAAGGTATGTAATTG
68,112,TAAATAAAGCACCTCGGAAAAAAAC,GATAAACGTGTTTCCACACATGCTT
68,145,TAAATAAAGCACCTCGGAAAAAAAC,CATTTAGATAAGCAAGTTACGAGGG
69,85,ATATTGAATTAATGACACTTCCAGA,ATATCTTTACTAGGACATAGATACG
70,92,GCTATCATGCGATGTCAGTAGTCTT,ATTATAGTATAACCTAAGTCTACAG
71,92,AATTAGGCTGGATATTATAACAAAG,ATTATAGTATAACCTAAGTCTACAG
72,146,TGGAACAAACTGTAAGTAAGACGGC,GAAACCATGTCTTTGCATCCATATT
72,101,TGGAACAAACTGTAAGTAAGACGGC,ATGTCCTTTCTTTGAGAGTAATCAA
72,147,TGGAACAAACTGTAAGTAAGACGGC,AGACAGAAAGGGTGAAATCTAAATT
73,91,AATTCCAAACATAATCCACTCAATC,CACTGCTGCTTAATAACGCACAGTA
74,148,AGGCTTATATCTAGTTATTTAGTGA,AAGAAAAGTTCCTAATACTAAATGG
74,78,AGGCTTATATCTAGTTATTTAGTGA,AATACTTCGCTTGCTCAAACCAGTT
75,88,TTTTATATGATACAAACATTGGCTG,AATCCATGCACTTAGCATGACTTAA
76,149,GGGAAGTAATATCCTATCCTTATAA,GTTCGAATTTATTCCCATACGACAA
76,95,GGGAAGTAATATCCTATCCTTATAA,CATAGAAATGCTATAGTTATATACC
76,115,GGGAAGTAATATCCTATCCTTATAA,GTAAACGCATGAGTGTAGGACTAAA
77,93,AAAATAGGCTCGGAATCCTCTACAG,GAAGTATCATAAAGGTATGTAATTG
78,84,AATACTTCGCTTGCTCAAACCAGTT,CGGTCACAAATATTGGAAGAATTTG
79,120,CTTTGAATTAGAAATGTAAATGGAG,CGTTATGAAATTCAGATATAATGCA
79,89,CTTTGAATTAGAAATGTAAATGGAG,TGTAGATGTACACTATAAAATGTTA
80,86,AAACATACAAGCAAATTTTCAGTGT,CGATGGATTCTTATAATGTATGGTG
81,141,TGTTCGAAGTTATTTAGTGTCAAATT,ATGTAATGTAATTCGATGGTTTCTT
81,150,TGTTCGAAGTTATTTAGTGTCAAATT,ACTTCTTAAGGTCTACTCTTATTTA
82,85,ACAAACTTCTTACGTATTTTAAATA,ATATCTTTACTAGGACATAGATACG
83,151,AGGAGTAACCGCGTTCCGCTACTAA,TTGTAAAGAAAAAGTCTAGGCATAT
84,93,CGGTCACAAATATTGGAAGAATTTG,GAAGTATCATAAAGGTATGTAATTG
85,140,ATATCTTTACTAGGACATAGATACG,GATTAACACCGAAATCCTGTAAATT
85,152,ATATCTTTACTAGGACATAGATACG,GTTTTGATGTTTAGATGTTAAAAAC
86,88,CGATGGATTCTTATAATGTATGGTG,AATCCATGCACTTAGCATGACTTAA
86,87,CGATGGATTCTTATAATGTATGGTG,TACATGTGGAATGGAGTACACAAGT
87,153,TACATGTGGAATGGAGTACACAAGT,TAAAGTTCGAATACGCTGTTTTGTC
87,154,TACATGTGGAATGGAGTACACAAGT,AGTAAAGTGACTTACGGGGCGTTAT
87,155,TACATGTGGAATGGAGTACACAAGT,TTAGCGTGATACTAATATTGATAGT
87,156,TACATGTGGAATGGAGTACACAAGT,AAAAGGAATACACATCAGACCTACA
88,154,AATCCATGCACTTAGCATGACTTAA,AGTAAAGTGACTTACGGGGCGTTAT
89,91,TGTAGATGTACACTATAAAATGTTA,CACTGCTGCTTAATAACGCACAGTA
90,92,TTATAACTCTAGGTTGTGATTCAAA,ATTATAGTATAACCTAAGTCTACAG
91,157,CACTGCTGCTTAATAACGCACAGTA,CGACAAGATAATTTGAACTCTATTA
91,134,CACTGCTGCTTAATAACGCACAGTA,GAGGTACATCATCCTTGGATGAGTA
92,147,ATTATAGTATAACCTAAGTCTACAG,AGACAGAAAGGGTGAAATCTAAATT
92,158,ATTATAGTATAACCTAAGTCTACAG,CCTACATTCTTTATTAAAACCGGTC
92,156,ATTATAGTATAACCTAAGTCTACAG,AAAAGGAATACACATCAGACCTACA
92,146,ATTATAGTATAACCTAAGTCTACAG,GAAACCATGTCTTTGCATCCATATT
93,159,GAAGTATCATAAAGGTATGTAATTG,CTACTCATTTTTTTAATTTTATCTT
